#Sample,Species,Chinese,Coverage,CovRate,Depth,Abs_Abu,Re_Abu,Genus,GenusCh,Genus_Abs_Abu,Genus_Re_Abu,MRN,SMRN,SMRNG,SDCOV,SDdepth,SDMRN,SDSMRN,SDSMRNG,ID
17P0585905,Plasmodium_falciparum,恶性疟原虫,9365090/23270445,40,2,6410.7914,99.99,Plasmodium,疟原虫属,6411.4559,100.00,149175,145188,145321,26.7037,1.34,99588,96927,97015,id|08918922|ref|PARA_0632551|
17P0585905,Enterobius_vermicularissta,蠕形住肠线虫,71/111762754,6.4e-05,4.4,0.0554,0.00,Enterobius,蛲虫属,0.0554,0.00,6,2,2,0.0000,2.94,4,1,1,id|00051620|ref|PARA_0954579|
17P0585905,Loa_Loa,罗阿罗阿丝虫,151/30335211,0.0005,1,0.0337,0.00,Loa,Loa,0.0337,0.00,1,1,1,0.0003,1,1,1,1,id|04679125|ref|PARA_0464377|
17P0585905,Trichinella_papuae,巴布亚旋毛虫,410/46127921,0.00089,1,0.1301,0.00,Trichinella,旋毛线虫属,0.1301,0.00,6,1,1,0.0006,1,4,1,1,id|08036445|ref|PARA_0736384|
17P0585905,Necator_americanus,美州板口线虫,43/230537098,1.9e-05,1,0.0051,0.00,Necator,板口线虫属,0.0051,0.00,1,0,0,0.0000,1,1,0,0,id|02357071|ref|PARA_0987024|
17P0585905,Plasmodium_vivax,间日疟原虫,1098/22621201,0.0049,1.6,0.6645,0.01,Plasmodium,疟原虫属,6411.4559,100.00,15,0,145321,0.0033,1.07,10,0,97015,id|06635722|ref|PARA_0434277|
17P0585905,Wuchereria_bancrofti,班氏吴策线虫,82/77159569,0.00011,1,0.0130,0.00,Wuchereria,吴策线虫属,0.013,0.00,1,0,0,0.0001,1,1,0,0,id|00162590|ref|PARA_0771300|
